X,Y,OBJECTID,LLOC_ACCID,BARRI,MES,TOTAL_PERS,IL_LESOS,FERITS_LLE,FERITS_GRE,MORTS,CAUSA_ACCI,Any_dada,CODI_ENS,NOM_ENS
253427.214499999,5161338.8018,1,AV. ROMA  245,GRÀCIA,GENER,3,2,1,0,0,ENCALÇ,2014,811200000,Ajuntament de Manlleu
253481.756299999,5161743.9336,2,C. DOÑA BLANCA 49,VILAMIROSA,FEBRER,6,3,3,0,0,ENVESTIDA LATERAL,2014,811200000,Ajuntament de Manlleu
255574.003600001,5161184.9758,3,C. MIRALLES 76,LA SALUT,FEBRER,2,1,1,0,0,ENVESTIDA LATERAL,2014,811200000,Ajuntament de Manlleu
254001.161899999,5161956.4724,4,PG. SANT JOAN 202,ERM,FEBRER,4,3,1,0,0,ENVESTIDA LATERAL,2014,811200000,Ajuntament de Manlleu
253729.882800002,5161382.9196,5,AV. ROMA 199,GRÀCIA,MARÇ,3,0,3,0,0,ENVESTIDA LATERAL,2014,811200000,Ajuntament de Manlleu
253923.200300001,5162319.5474,6,C. PINTOR GUARDIA 96,ERM,ABRIL,3,1,2,0,0,ENVESTIDA LATERAL,2014,811200000,Ajuntament de Manlleu
253944.338500001,5161056.422,7,PG. DOCTOR JOAN OLIVERAS 132,BAIX VILA,ABRIL,5,3,2,0,0,ENVESTIDA LATERAL,2014,811200000,Ajuntament de Manlleu
255273.706599999,5160911.5004,8,C. CAVALLERIA 113,LA SALUT,ABRIL,1,0,1,0,0,SORTIDA VIA-CAIGUDA,2014,811200000,Ajuntament de Manlleu
254424.730300002,5161276.4132,9,PG. SANT JOAN 96,EL PUIG,JULIOL,3,2,1,0,0,ENCALÇ,2014,811200000,Ajuntament de Manlleu
254481.162300002,5161168.6249,10,CTRA. OLOT 1,EL PUIG,JULIOL,5,3,2,0,0,ENVESTIDA LATERAL,2014,811200000,Ajuntament de Manlleu
253727.839499999,5160903.4841,11,C. RUSIÑOL 21,BAIX VILA,JULIOL,2,1,1,0,0,ENVESTIDA LATERAL,2014,811200000,Ajuntament de Manlleu
253606.316599999,5161138.4682,12,AV. DIPUTACIO 94,GRÀCIA,AGOST,1,0,1,0,0,SORTIDA VIA-CAIGUDA,2014,811200000,Ajuntament de Manlleu
253873.778000001,5160650.875,13,PG. TER 29,BAIX VILA,JUNY,5,3,2,0,0,XOC AMB OBJECTE FIX,2014,811200000,Ajuntament de Manlleu
255584.567600001,5161427.949,14,AV. GARROTXA 21,LA SALUT,MARÇ,2,1,1,0,0,ENVESTIDA LATERAL,2014,811200000,Ajuntament de Manlleu
254455.234299999,5160607.6228,15,PONT DE CAN MOLAS,VISTA ALEGRE,AGOST,2,1,1,0,0,ENCALÇ,2014,811200000,Ajuntament de Manlleu
255595.769400001,5161302.3898,16,AV. GARROTXA 1,LA SALUT,SETEMBRE,2,1,1,0,0,SORTIDA VIA-CAIGUDA,2014,811200000,Ajuntament de Manlleu
253746.052999999,5161056.358,17,C. VILAMIROSA 12,BAIX VILA,JULIOL,2,0,2,0,0,XOC AMB OBJECTE FIX,2014,811200000,Ajuntament de Manlleu
254429.208900001,5161252.5264,18,PG. SANT JOAN 90,EL PUIG,OCTUBRE,3,2,1,0,0,COL·LISIÓ MÚLTIPLE,2014,811200000,Ajuntament de Manlleu
254661.722199999,5161107.6751,19,C.CAVALLERIA 40,CAVALLERIA,NOVEMBRE,2,1,1,0,0,ENVESTIDA LATERAL,2014,811200000,Ajuntament de Manlleu
254410.3565,5161354.6415,20,PG. SANT JOAN 110,EL PUIG,OCTUBRE,3,1,2,0,0,COL·LISIÓ MÚLTIPLE,2014,811200000,Ajuntament de Manlleu
255135.917100001,5161969.4221,21,C. SALVADOR JUNCADELLA 26,EL VERDAGUER,DESEMBRE,2,1,1,0,0,ENVESTIDA LATERAL,2014,811200000,Ajuntament de Manlleu
253921.449099999,5161225.2062,22,"C. PUIGSACALM, 13",NOU,GENER,3,2,1,0,0,COL·LISIÓ MÚLTIPLE,2015,811200000,Ajuntament de Manlleu
255443.322299998,5161930.4572,23,"C. FRANCESC PUGET MONTFORT, 33",EL VERDAGUER,GENER,2,1,1,0,0,ENVESTIDA LATERAL,2015,811200000,Ajuntament de Manlleu
254801.072099999,5161261.3346,24,"CTRA. OLOT, 50",CAVALLERIA,FEBRER,3,0,3,0,0,ENVESTIDA LATERAL,2015,811200000,Ajuntament de Manlleu
254964.695099998,5162336.5289,25,"C. JOAN MARAGALL, 31",LA COROMINA,FEBRER,2,1,1,0,0,ENVESTIDA LATERAL,2015,811200000,Ajuntament de Manlleu
253663.727899998,5162271.8859,26,"C. VILAMIROSA, 149",VILAMIROSA,MARÇ,1,0,1,0,0,XOC AMB OBJECTE FIX,2015,811200000,Ajuntament de Manlleu
254288.098999999,5161573.8008,27,"AV. ROMA, 114",ERM,MARÇ,2,1,1,0,0,ENVESTIDA LATERAL,2015,811200000,Ajuntament de Manlleu
254458.467,5161053.2228,28,"PG. SANT JOAN, 63",BAIX VILA,MARÇ,3,2,1,0,0,COL·LISIÓ MÚLTIPLE,2015,811200000,Ajuntament de Manlleu
254410.526700001,5161606.7941,29,"AV. ROMA, 99",ERM,MARÇ,2,1,1,0,0,ENVESTIDA LATERAL,2015,811200000,Ajuntament de Manlleu
253792.760200001,5162219.4847,30,"PG. SANT JOAN, 272",ERM,ABRIL,2,1,1,0,0,ENVESTIDA LATERAL,2015,811200000,Ajuntament de Manlleu
254977.023600001,5162070.0443,31,"C. SOGORB, 84",LA COROMINA,MAIG,2,1,1,0,0,ENVESTIDA LATERAL,2015,811200000,Ajuntament de Manlleu
254217.388799999,5160303.6324,32,"VIA AUSETANIA, 15",VISTA ALEGRE,MAIG,3,0,3,0,0,SORTIDA VIA-CAIGUDA,2015,811200000,Ajuntament de Manlleu
255451.088399999,5161938.071,33,"C. FRANCESC PUGET MONTFORT, 33",EL VERDAGUER,MAIG,2,1,0,1,0,ENVESTIDA LATERAL,2015,811200000,Ajuntament de Manlleu
254480.1829,5160958.7216,34,"PG. SANT JOAN, 42",CAVALLERIA,JUNY,4,2,2,0,0,ENCALÇ,2014,811200000,Ajuntament de Manlleu
254480.529300001,5160954.84,35,"PG. SANT JOAN, 42",CAVALLERIA,JUNY,4,2,2,0,0,ENCALÇ,2015,811200000,Ajuntament de Manlleu
254966.5792,5162327.4221,36,"C. JOAN MARAGALL, 31",LA COROMINA,JUNY,2,1,1,0,0,ENVESTIDA LATERAL,2015,811200000,Ajuntament de Manlleu
255093.775199998,5162158.1261,37,"C. SOGORB, 89",LA COROMINA,JUNY,3,1,2,0,0,ENVESTIDA LATERAL,2015,811200000,Ajuntament de Manlleu
254301.636799999,5161694.428,38,"C. PERICAS, 8",ERM,JUNY,2,1,1,0,0,ENCALÇ,2015,811200000,Ajuntament de Manlleu
254167.913800001,5161712.6415,39,"PG. SANT JOAN, 158",ERM,JULIOL,3,2,1,0,0,ENVESTIDA LATERAL,2015,811200000,Ajuntament de Manlleu
255302.660300002,5162116.3246,40,"C. FRANCESC PUGET MONTFORT, 57",EL VERDAGUER,JULIOL,2,0,2,0,0,ENVESTIDA LATERAL,2015,811200000,Ajuntament de Manlleu
254570.1965,5162031.2286,41,"PL. PLA DELS ALBERS, 26",ERM,JULIOL,2,1,1,0,0,ENVESTIDA LATERAL,2015,811200000,Ajuntament de Manlleu
253994.533199999,5160154.9385,42,"VIA AUSETANIA, 37",VISTA ALEGRE,JULIOL,1,0,1,0,0,SORTIDA VIA-CAIGUDA,2015,811200000,Ajuntament de Manlleu
254295.918099999,5161574.0993,43,"AV. ROMA, 114",ERM,AGOST,3,1,2,0,0,FREGAMENT,2015,811200000,Ajuntament de Manlleu
253796.646000002,5162186.1927,44,"PG. SANT JOAN, 247",VILAMIROSA,SETEMBRE,3,2,1,0,0,ENCALÇ,2015,811200000,Ajuntament de Manlleu
253956.217300002,5161995.6973,45,"PG. SANT JOAN, 208",ERM,SETEMBRE,1,0,1,0,0,XOC AMB OBJECTE FIX,2015,811200000,Ajuntament de Manlleu
254430.572799999,5160398.8715,46,"VIA AUSETANIA, 5",VISTA ALEGRE,SETEMBRE,3,2,1,0,0,ENCALÇ,2015,811200000,Ajuntament de Manlleu
254291.7322,5161534.3794,47,"PG. SANT JOAN, 144",ERM,NOVEMBRE,3,2,1,0,0,ENCALÇ,2015,811200000,Ajuntament de Manlleu
254271.727200001,5162075.4102,48,"C. MOSSEN AULET, 33",ERM,NOVEMBRE,3,1,2,0,0,ENCALÇ,2015,811200000,Ajuntament de Manlleu
254730.9465,5162175.7338,49,"PL. LLEVANT, 3",ERM,DESEMBRE,1,0,1,0,0,SORTIDA VIA-CAIGUDA,2015,811200000,Ajuntament de Manlleu
254927.712099999,5161264.4611,50,"C. ESTEVE ESPONA, 8",CAVALLERIA,DESEMBRE,2,1,1,0,0,ENVESTIDA LATERAL,2015,811200000,Ajuntament de Manlleu
255435.039000001,5161918.6477,51,"C. FRANCESC PUGET, 33",EL VERDAGUER,FEBRER,2,1,1,0,0,ENVESTIDA LATERAL,2016,811200000,Ajuntament de Manlleu
254385.522700001,5160954.8246,52,"C. SANT JORDI, 6",BAIX VILA,FEBRER,2,1,1,0,0,ENVESTIDA LATERAL,2016,811200000,Ajuntament de Manlleu
254071.0112,5161540.091,53,"C. TER, 48",ERM,MARÇ,2,1,1,0,0,ENVESTIDA LATERAL,2016,811200000,Ajuntament de Manlleu
253867.975299999,5161876.2944,54,"C. PUIGPARDINES, 19",VILAMIROSA,ABRIL,5,2,3,0,0,FREGAMENT,2016,811200000,Ajuntament de Manlleu
252840.860300001,5161250.1611,55,"AV. ROMA, 355",GRÀCIA,ABRIL,1,0,1,0,0,SORTIDA VIA-CAIGUDA,2016,811200000,Ajuntament de Manlleu
253730.413400002,5162284.0118,56,"PG. SANT JOAN, 273",VILAMIROSA,MAIG,2,0,2,0,0,XOC AMB OBJECTE FIX,2016,811200000,Ajuntament de Manlleu
254488.5134,5160443.85,57,"VIA AUSETANIA, 1",VISTA ALEGRE,MAIG,2,1,1,0,0,XOC AMB OBJECTE FIX,2016,811200000,Ajuntament de Manlleu
253920.610199999,5162321.6331,58,"C. PINTOR GUARDIA, 96",ERM,MAIG,2,1,1,0,0,ENVESTIDA LATERAL,2016,811200000,Ajuntament de Manlleu
254994.9087,5161638.7758,59,"AV. PUIGMAL, 39",EL PUIG,MAIG,2,1,0,1,0,SORTIDA VIA-CAIGUDA,2016,811200000,Ajuntament de Manlleu
254487.617699999,5162237.2837,60,"C. COMA, 25",ERM,JUNY,3,2,1,0,0,ENVESTIDA LATERAL,2016,811200000,Ajuntament de Manlleu
254442.8303,5161171.9426,61,"PG. SANT JOAN, 74",EL PUIG,JUNY,2,1,1,0,0,ENCALÇ,2016,811200000,Ajuntament de Manlleu
254115.285700001,5160612.6982,62,PG. TER,BAIX VILA,JUNY,2,1,1,0,0,ENCALÇ,2016,811200000,Ajuntament de Manlleu
255208.395,5161487.3946,63,"PL. SANGLAS ALSINA, 0",LA SALUT,JULIOL,1,0,0,1,0,XOC AMB OBJECTE FIX,2016,811200000,Ajuntament de Manlleu
254432.678599998,5161184.0352,64,"PG. SANT JOAN, 83",DALT VILA,AGOST,1,0,1,0,0,XOC AMB OBJECTE FIX,2016,811200000,Ajuntament de Manlleu
254150.3858,5160917.4345,65,"C. ENRIC DELARIS, 28",BAIX VILA,SETEMBRE,1,0,1,0,0,XOC AMB OBJECTE FIX,2016,811200000,Ajuntament de Manlleu
253875.690299999,5161883.1818,66,"C. PUIGPARDINES, 14",VILAMIROSA,OCTUBRE,3,1,0,2,0,ENVESTIDA LATERAL,2016,811200000,Ajuntament de Manlleu
254292.344900001,5161572.3412,67,"PG. SANT JOAN, 146",ERM,NOVEMBRE,2,1,1,0,0,FREGAMENT,2016,811200000,Ajuntament de Manlleu
254999.0889,5161391.1019,68,"C. ANGEL GUIMERA, 48",CAVALLERIA,NOVEMBRE,2,1,1,0,0,ENVESTIDA LATERAL,2016,811200000,Ajuntament de Manlleu
254407.000500001,5162141.7374,69,"AV. PUIGMAL, 131",ERM,DESEMBRE,2,1,1,0,0,XOC AMB OBJECTE FIX,2016,811200000,Ajuntament de Manlleu
253802.968800001,5162184.1361,70,"PG. SANT JOAN, 247",VILAMIROSA,DESEMBRE,3,2,1,0,0,ENVESTIDA LATERAL,2016,811200000,Ajuntament de Manlleu
254924.1448,5162032.9042,71,"C. SOGORB, 73",LA COROMINA,GENER,2,0,2,0,0,ENVESTIDA LATERAL,2017,811200000,Ajuntament de Manlleu
254054.375,5162300.1352,72,"C. PUIG-GUARDIAL, 149",ERM,FEBRER,4,1,3,0,0,ENVESTIDA LATERAL,2017,811200000,Ajuntament de Manlleu
255303.941199999,5162128.7491,73,"C. FRANCESC PUGET, 57",EL VERDEGUER,GENER,3,2,1,0,0,COL·LISIÓ FRONTAL,2017,811200000,Ajuntament de Manlleu
254346.686900001,5161451.2662,74,"PG. SANT JOAN, 141",DALT VILA,FEBRER,2,1,1,0,0,FREGAMENT,2017,811200000,Ajuntament de Manlleu
255591.4758,5161427.081,75,"AV. GARROTXA, 26",LA SALUT,MARÇ,2,1,1,0,0,ENVESTIDA LATERAL,2017,811200000,Ajuntament de Manlleu
253837.902899999,5162140.6923,76,"PG. SANT JOAN, 243",VILAMIROSA,ABRIL,3,2,1,0,0,ENVESTIDA LATERAL,2017,811200000,Ajuntament de Manlleu
253661.739500001,5162383.7382,77,"PG. SANT JOAN, 281",VILAMIROSA,MAIG,2,0,2,0,0,COL·LISIÓ FRONTAL,2017,811200000,Ajuntament de Manlleu
254044.820300002,5160230.6624,78,"VIA AUSETANIA, 37",VISTA ALEGRE,MAIG,4,0,3,1,0,COL·LISIÓ FRONTAL,2017,811200000,Ajuntament de Manlleu
254540.168099999,5161672.8141,79,"AV. ROMA, 90",ERM,MAIG,4,2,2,0,0,ENCALÇ,2017,811200000,Ajuntament de Manlleu
253946.899900001,5161390.6516,80,C. LA PAU,NOU,JUNY,2,1,1,0,0,ENVESTIDA LATERAL,2017,811200000,Ajuntament de Manlleu
254240.9888,5161542.3337,81,"AV. ROMA, 116",VILAMIROSA,JUNY,2,1,1,0,0,ENVESTIDA LATERAL,2017,811200000,Ajuntament de Manlleu
254028.995499998,5160214.8375,82,B-522,VISTA ALEGRE,JULIOL,1,0,1,0,0,XOC AMB OBJECTE FIX,2017,811200000,Ajuntament de Manlleu
254433.872900002,5160705.7066,83,"C. PONT, 54",BAIX VILA,JULIOL,1,0,1,0,0,SORTIDA VIA-CAIGUDA,2017,811200000,Ajuntament de Manlleu
253879.704399999,5160870.8225,84,"C. VENDRELL, 28A",BAIX VILA,AGOST,2,1,1,0,0,ENVESTIDA LATERAL,2017,811200000,Ajuntament de Manlleu
255438.900400002,5161957.9601,85,"C. FRANCESC PUGET, 30-32",EL VERDAGUER,AGOST,2,1,1,0,0,SORTIDA VIA-CAIGUDA,2017,811200000,Ajuntament de Manlleu
254317.425799999,5160355.1711,86,"VIA AUSETÀNIA, 9",VISTA ALEGRE,OCTUBRE,2,2,0,0,0,ENVESTIDA LATERAL,2017,811200000,Ajuntament de Manlleu
254795.7544,5161265.8467,87,"CTRA. OLOT, 17-19",EL PUIG,OCTUBRE,2,1,1,0,0,FREGAMENT,2017,811200000,Ajuntament de Manlleu
254321.0088,5161495.1578,88,"PSG. SANT JOAN, 138",ERM,NOVEMBRE,2,1,1,0,0,COL·LISIÓ FRONTAL,2017,811200000,Ajuntament de Manlleu
253719.067200001,5160859.775,89,"AV. DE LES HORTES, 15",BAIX VILA,DESEMBRE,2,1,1,0,0,ENVESTIDA LATERAL,2017,811200000,Ajuntament de Manlleu
253857.012200002,5162272.0685,90,"C. SERRALLO, 17",ERM,DESEMBRE,2,1,1,0,0,ENVESTIDA LATERAL,2017,811200000,Ajuntament de Manlleu
254135.2907,5161440.2186,91,"AV. ROMA, 131",NOU,DESEMBRE,2,1,1,0,0,ENVESTIDA LATERAL,2017,811200000,Ajuntament de Manlleu
253841.784492483,5162139.49802003,93,PG. SANT JOAN 245,ERM,GENER,2,1,1,0,0,ENVESTIDA LATERAL,2018,811200000,Ajuntament de Manlleu
254487.020500749,5162238.92587322,96,"LA COMA, 25",ERM,GENER,3,2,1,0,0,ENVESTIDA LATERAL,2018,811200000,Ajuntament de Manlleu
254091.514672791,5160256.32806557,98,"VIA AUSETÀNIA, 18",VISTA ALEGRE,GENER,2,0,2,0,0,XOC AMB OBJECTE FIX,2018,811200000,Ajuntament de Manlleu
254475.375797197,5160432.20533368,100,"VIA AUSETÀNIA, 2",VISTA ALEGRE,FEBRER,1,0,1,0,0,XOC AMB OBJECTE FIX,2018,811200000,Ajuntament de Manlleu
254278.013001459,5161154.77411668,102,PLAÇA CRIST REI,DALT VILA,FEBRER,4,2,2,0,0,ENVESTIDA LATERAL,2018,811200000,Ajuntament de Manlleu
254244.870383789,5162292.37207667,103,"AV. PUIGMAL, 130",ERM,MARÇ,1,0,1,0,0,XOC AMB OBJECTE FIX,2018,811200000,Ajuntament de Manlleu
253925.387492192,5162045.74322763,104,"PS. SANT JOAN, 208",ERM,MARÇ,1,0,1,0,0,XOC AMB OBJECTE FIX,2018,811200000,Ajuntament de Manlleu
255569.08218231,5161427.6781943,105,"AV. GARROTXA, 19",LA SALUT,ABRIL,3,1,2,0,0,ENVESTIDA LATERAL,2018,811200000,Ajuntament de Manlleu
254115.584316222,5161438.4271514,106,"AV. ROMA, 133",NOU,ABRIL,2,1,1,0,0,ENCALÇ,2018,811200000,Ajuntament de Manlleu
254520.461700505,5161648.03181489,107,"SANT PERE, 56",EL PUIG,ABRIL,2,1,1,0,0,ENCALÇ,2018,811200000,Ajuntament de Manlleu
254378.635183416,5161606.23031515,108,"AV. ROMA, 106",ERM,ABRIL,2,1,1,0,0,ENVESTIDA LATERAL,2018,811200000,Ajuntament de Manlleu
255303.045494328,5162129.04764538,109,"FONTCUBERTA, 1",EL VERDAGUER,MAIG,1,0,1,0,0,XOC AMB OBJECTE FIX,2018,811200000,Ajuntament de Manlleu
254660.901499546,5161708.25285415,110,"AV. ROMA, 72",ERM,MAIG,2,1,1,0,0,ENCALÇ,2018,811200000,Ajuntament de Manlleu
253485.383607599,5161494.16945852,111,"ARNALD DE CORCÓ, 108",VILAMIROSA,MAIG,4,2,2,0,0,FREGAMENT,2018,811200000,Ajuntament de Manlleu
254140.472826664,5162373.7924482,112,"PUIG-GUARDIAL, 59",ERM,JULIOL,3,1,2,0,0,ENCALÇ,2018,811200000,Ajuntament de Manlleu
254072.993262525,5161829.47720385,113,"PS. SANT JOAN, 161",ERM,JULIOL,3,2,1,0,0,ENCALÇ,2018,811200000,Ajuntament de Manlleu
254315.143379401,5161518.35461225,114,"PS. SANT JOAN, 140",ERM,JULIOL,2,1,1,0,0,ENVESTIDA LATERAL,2018,811200000,Ajuntament de Manlleu
254661.691053625,5161106.70239187,127,"CAVALLERIA, 40",CAVALLERIA,SETEMBRE,3,2,1,0,0,ENVESTIDA LATERAL,2018,811200000,Ajuntament de Manlleu
253719.664396584,5160802.29789836,129,"AVINGUDA DE LES HORTES, 4",BAIX VILA,JUNY,2,1,1,0,0,ENCALÇ,2018,811200000,Ajuntament de Manlleu
254967.702629164,5162331.80612549,130,"JOAN MARAGALL, 30",LA COROMINA,JULIOL,4,3,1,0,0,COL·LISIÓ MÚLTIPLE,2018,811200000,Ajuntament de Manlleu
254485.791052411,5161652.2331708,131,"AVINGUDA ROMA, 96",ERM,AGOST,3,2,1,0,0,FREGAMENT,2018,811200000,Ajuntament de Manlleu
255258.521635285,5161798.53842028,132,"SALVADOR JUNCADELLA, 1",LA TEULERIA,SETEMBRE,2,1,1,0,0,COL·LISIÓ FRONTAL,2018,811200000,Ajuntament de Manlleu
254808.593467347,5161794.9342286,133,"AVINGUDA DE ROMA, 42",ERM,OCTUBRE,2,1,1,0,0,ENVESTIDA LATERAL,2018,811200000,Ajuntament de Manlleu
254551.514243302,5162024.54389561,134,"PLAÇA DELS ÀLBERS, 8",ERM,OCTUBRE,5,2,3,0,0,ENVESTIDA LATERAL,2018,811200000,Ajuntament de Manlleu
254432.37996875,5161198.06852725,135,"PASSEIG DE SANT JOAN, 87",DALT VILA,OCTUBRE,3,1,2,0,0,ENCALÇ,2018,811200000,Ajuntament de Manlleu
253919.117267081,5162320.43879809,136,"SERRALLO, 16",ERM,NOVEMBRE,3,2,1,0,0,ENVESTIDA LATERAL,2018,811200000,Ajuntament de Manlleu
253925.387492056,5162323.72320164,137,"SERRALLO, 16",ERM,NOVEMBRE,2,0,2,0,0,ENVESTIDA LATERAL,2018,811200000,Ajuntament de Manlleu
254927.431934249,5161355.91987772,138,"CRA. OLOT, 43",EL PUIG,DESEMBRE,2,1,1,0,0,ENVESTIDA LATERAL,2018,811200000,Ajuntament de Manlleu
254061.000487426,5161830.75788566,139,C. GIRONA / PG. SANT JOAN,ERM,GENER,3,2,1,0,0,ENVESTIDA LATERAL,2019,811200000,Ajuntament de Manlleu
254868.331209907,5161987.18238438,141,C. TAVERTET / C. SOGORB,LA COROMINA,GENER,4,3,1,0,0,ENVESTIDA LATERAL,2019,811200000,Ajuntament de Manlleu
254030.488405956,5160219.02724293,142,BV-522 pk7,VISTA ALEGRE,GENER,5,3,2,0,0,FREGAMENT,2019,811200000,Ajuntament de Manlleu
255005.060516595,5161643.86122333,143,"AVINGUDA PUIGMAL, 20",LA TEULERIA,FEBRER,4,3,1,0,0,ENCALÇ,2019,811200000,Ajuntament de Manlleu
255256.76526206,5162541.1005593,144,"BELLFORT, 153",LA COROMINA,FEBRER,2,1,1,0,0,FREGAMENT,2019,811200000,Ajuntament de Manlleu
254867.71296997,5161761.20615278,146,"PLAÇA SARDANA, 8",EL PUIG,FEBRER,2,1,1,0,0,ENCALÇ,2019,811200000,Ajuntament de Manlleu
253667.412521569,5160905.16900466,147,"RUSIÑOL, 25",BAIX VILA,FEBRER,2,1,0,1,0,SORTIDA VIA-CAIGUDA,2019,811200000,Ajuntament de Manlleu
255544.001282479,5161589.81785567,148,"FRANCESC PUGET, 8",EL VERDAGUER,MARÇ,2,1,0,1,0,ENVESTIDA LATERAL,2019,811200000,Ajuntament de Manlleu
254247.574786614,5161571.60767681,150,"PS. ST. JOAN, 155",ERM,MARÇ,3,2,1,0,0,ENCALÇ,2019,811200000,Ajuntament de Manlleu
254291.150615704,5160600.31663794,151,"SANT FERRAN, 14",BAIX VILA,GENER,3,2,1,0,0,ENVESTIDA LATERAL,2019,811200000,Ajuntament de Manlleu
253751.612685639,5161384.39334207,152,"AV. ROMA, 174",VILAMIROSA,MARÇ,1,0,1,0,0,XOC AMB OBJECTE FIX,2019,811200000,Ajuntament de Manlleu
254310.558454979,5162102.12997305,153,"TORRENT I GARRIGA, 77",ERM,ABRIL,2,1,1,0,0,ENVESTIDA LATERAL,2019,811200000,Ajuntament de Manlleu
254125.437527075,5162206.03655839,154,"BISAURA, 1",ERM,MAIG,3,2,1,0,0,ENVESTIDA LATERAL,2019,811200000,Ajuntament de Manlleu
252940.06642442,5161044.5520269,155,"AV. DIPUTACIÓ, 21",GRÀCIA,ABRIL,2,1,1,0,0,SORTIDA VIA-CAIGUDA,2019,811200000,Ajuntament de Manlleu
253742.35663917,5161314.82370312,156,"VOLTREGÀ, 47",NOU,ABRIL,3,1,1,1,0,ENVESTIDA LATERAL,2019,811200000,Ajuntament de Manlleu
254449.996315021,5160627.18903077,157,"PS. DEL TER, 16",BAIX VILA,ABRIL,2,0,2,0,0,ENVESTIDA LATERAL,2019,811200000,Ajuntament de Manlleu
255097.091845161,5160888.52964673,158,"PS. DEL TER, 2",LA SALUT,JUNY,3,1,2,0,0,SORTIDA VIA-CAIGUDA,2019,811200000,Ajuntament de Manlleu
253620.901736576,5161366.26107348,159,"AV. ROMA, 217",GRÀCIA,JUNY,4,3,1,0,0,ENCALÇ,2019,811200000,Ajuntament de Manlleu
255144.864988221,5161424.78317327,160,"TORRENT DE LA BORINA, 86",LA SALUT,JULIOL,1,0,1,0,0,SORTIDA VIA-CAIGUDA,2019,811200000,Ajuntament de Manlleu
253489.167301329,5161592.58633687,162,"CATALUNYA, 22",VILAMIROSA,JULIOL,2,0,2,0,0,ENVESTIDA LATERAL,2019,811200000,Ajuntament de Manlleu
253989.352099771,5161962.82819268,163,"PS. ST. JOAN, 204",ERM,JULIOL,2,1,1,0,0,ENCALÇ,2019,811200000,Ajuntament de Manlleu
253750.486386347,5161324.45957355,164,"VILAMIROSA, 48",NOU,AGOST,2,1,1,0,0,ENVESTIDA LATERAL,2019,811200000,Ajuntament de Manlleu
253959.493885593,5161050.95833168,165,"BAIXA CORTADA, 27",BAIX VILA,AGOST,4,3,1,0,0,ENVESTIDA LATERAL,2019,811200000,Ajuntament de Manlleu
254815.230303804,5161787.26189318,166,"AV. ROMA, 42",ERM,SETEMBRE,2,0,2,0,0,ENVESTIDA LATERAL,2019,811200000,Ajuntament de Manlleu
254668.327890008,5161104.70311716,167,"cavalleria, 40",CAVALLERIA,OCTUBRE,3,2,1,0,0,ENVESTIDA LATERAL,2019,811200000,Ajuntament de Manlleu
254381.6890339,5161083.80236724,168,"font, 3",BAIX VILA,OCTUBRE,4,2,2,0,0,ENVESTIDA LATERAL,2019,811200000,Ajuntament de Manlleu
254246.729905815,5161538.84155131,169,"AV. ROMA, 116",ERM,NOVEMBRE,1,0,1,0,0,XOC AMB OBJECTE FIX,2019,811200000,Ajuntament de Manlleu
253983.380456955,5162240.8081665,170,"PINTOR GUARDIA, 76",ERM,NOVEMBRE,5,4,1,0,0,ENVESTIDA LATERAL,2019,811200000,Ajuntament de Manlleu
254318.986783832,5160354.66477724,171,"VIA AUSETÀNIA, 9",VISTA ALEGRE,DESEMBRE,5,4,1,0,0,ENCALÇ,2019,811200000,Ajuntament de Manlleu
253984.276226533,5162235.13510597,172,"PINTOR GUÀRDIA, 72",ERM,DESEMBRE,2,0,2,0,0,ENVESTIDA LATERAL,2019,811200000,Ajuntament de Manlleu
254140.434663079,5162374.27438388,173,"AV. PUIGMAL, 199",ERM,DESEMBRE,2,1,2,0,0,FREGAMENT,2019,811200000,Ajuntament de Manlleu
253920.379624627,5162322.61967337,174,"C. SERRALLO, 15",ERM,OCTUBRE,2,0,2,0,0,ENVESTIDA LATERAL,2019,811200000,Ajuntament de Manlleu
256260.367869474,5162370.75939381,175,"FONT DE TARRÉS, 93",FONT TARRÉS,GENER,2,1,1,0,0,ENVESTIDA LATERAL,2020,811200000,Ajuntament de Manlleu
254159.543920234,5161993.35156665,176,"PINTOR GUÀRDIA, 26",ERM,GENER,4,3,1,0,0,COL·LISIÓ MÚLTIPLE,2020,811200000,Ajuntament de Manlleu
254036.528077847,5161854.8094529,177,"PS. SANT JOAN, 219",ERM,GENER,2,1,1,0,0,FREGAMENT,2020,811200000,Ajuntament de Manlleu
255548.548043486,5161636.24732517,178,"FRANCESC PUGET, 2",EL VERDAGUER,GENER,2,1,1,0,0,ENVESTIDA LATERAL,2020,811200000,Ajuntament de Manlleu
254074.746591987,5161070.13558448,179,"BAIXA CORTADA, 7",BAIX VILA,GENER,1,0,1,0,0,SORTIDA VIA-CAIGUDA,2020,811200000,Ajuntament de Manlleu
254812.244482005,5161792.10720311,180,"PL. SARDANA, 4",ERM,GENER,3,1,2,0,0,ENVESTIDA LATERAL,2020,811200000,Ajuntament de Manlleu
254532.473015192,5161983.79693811,181,"PL. PLA DELS ÀLBERS, 7",ERM,FEBRER,2,1,1,0,0,ENVESTIDA LATERAL,2020,811200000,Ajuntament de Manlleu
254285.844166089,5160600.16729325,182,"PS. DEL TER, 36",BAIX VILA,FEBRER,3,2,1,0,0,ENCALÇ,2020,811200000,Ajuntament de Manlleu
255757.854125109,5161593.84866102,183,"CTRA. D'OLOT, 101",EL VERDAGUER,MARÇ,1,0,1,0,0,XOC AMB OBJECTE FIX,2020,811200000,Ajuntament de Manlleu
253909.033503473,5161392.60429751,184,"AV. ROMA, 153",NOU,MARÇ,3,1,2,0,0,ENCALÇ,2020,811200000,Ajuntament de Manlleu
254228.814977268,5161525.17476842,185,"AV. ROMA, 115",ERM,ABRIL,1,0,1,0,0,XOC AMB OBJECTE FIX,2020,811200000,Ajuntament de Manlleu
254170.890041788,5161711.78860695,186,"PS. SANT JOAN, 158",ERM,MAIG,2,1,1,0,0,ENVESTIDA LATERAL,2020,811200000,Ajuntament de Manlleu
254109.382120334,5160893.37495645,187,"C/ SANT JAUME, 3",BAIX VILA,MAIG,2,1,1,0,0,XOC AMB OBJECTE FIX,2020,811200000,Ajuntament de Manlleu
253974.577093374,5162243.1684986,189,"C/ PINTOR GUÀRDIA, 76",ERM,ABRIL,2,0,2,0,0,ENVESTIDA LATERAL,2020,811200000,Ajuntament de Manlleu
253848.276847457,5162121.94414909,190,"PS. SANT JOAN, 241",ERM,MAIG,1,0,1,0,0,XOC AMB OBJECTE FIX,2020,811200000,Ajuntament de Manlleu
254141.031827358,5161595.93873598,191,"C/ DIAMANT, 2",ERM,JULIOL,5,4,1,0,0,ENVESTIDA LATERAL,2020,811200000,Ajuntament de Manlleu
253960.780515782,5161056.30795098,192,"C/ BAIXA CORTADA, 27",BAIX VILA,JULIOL,5,4,1,0,0,ENVESTIDA LATERAL,2020,811200000,Ajuntament de Manlleu
253926.144987335,5162317.22033548,193,"C/ PINTOR GUARDIA, 96",ERM,JULIOL,2,1,1,0,0,ENVESTIDA LATERAL,2020,811200000,Ajuntament de Manlleu
254164.918398694,5161720.14890696,194,"PS. SANT JOAN, 160",ERM,JULIOL,3,2,1,0,0,ENVESTIDA LATERAL,2020,811200000,Ajuntament de Manlleu
254312.603177331,5161519.25172685,195,"ps. sant joan, 140",ERM,AGOST,3,1,2,0,0,ENVESTIDA LATERAL,2020,811200000,Ajuntament de Manlleu
254150.771656486,5161084.51612841,196,"C/ ENRIC DELARIS, 2",BAIX VILA,SETEMBRE,2,1,1,1,1,ENVESTIDA LATERAL,2020,811200000,Ajuntament de Manlleu
254326.935120137,5161706.76131188,197,"C/ PERICAS, 8",ERM,SETEMBRE,2,1,1,0,0,ENVESTIDA LATERAL,2020,811200000,Ajuntament de Manlleu
253984.759985657,5162245.40349565,198,"C/ PINTOR GUARDIA, 74",ERM,OCTUBRE,2,1,1,0,0,FREGAMENT,2020,811200000,Ajuntament de Manlleu
254841.093568282,5161623.15831218,199,"C/ LLEIDA, 36",EL PUIG,OCTUBRE,2,1,1,0,0,ENVESTIDA LATERAL,2020,811200000,Ajuntament de Manlleu
255721.910886334,5162433.5102448,200,"C/ FONT DE TARRÉS, 26",FONT TARRÉS,DESEMBRE,7,0,5,2,0,XOC AMB OBJECTE FIX,2020,811200000,Ajuntament de Manlleu
254309.318773711,5161564.33763037,201,"AV. ROMA, 113",ERM,FEBRER,2,1,1,0,0,ENVESTIDA LATERAL,2021,811200000,Ajuntament de Manlleu
254294.389666601,5161814.04932333,202,"C/ PINTOR GUARDIA, 11",ERM,MARÇ,3,1,2,0,0,ENVESTIDA LATERAL,2021,811200000,Ajuntament de Manlleu
254483.09358018,5160920.39297311,203,"PS. SANT JOAN, 41",BAIX VILA,MARÇ,2,1,1,0,0,ENCALÇ,2021,811200000,Ajuntament de Manlleu
254015.22442685,5162486.27791487,204,"AV. PUIGMAL, 203",ERM,ABRIL,1,1,0,0,0,XOC AMB OBJECTE FIX,2021,811200000,Ajuntament de Manlleu
254449.362861066,5161166.24626622,205,"PS. SANT JOAN, 77",DALT VILA,MAIG,3,1,2,0,0,COL·LISIÓ MÚLTIPLE,2021,811200000,Ajuntament de Manlleu
254294.995893834,5161546.93849682,206,"AV. ROMA, 113",ERM,JUNY,3,1,2,0,0,ENVESTIDA LATERAL,2021,811200000,Ajuntament de Manlleu
254295.593058118,5161531.11364332,207,"PS. SANT JOAN, 142",ERM,JUNY,3,2,1,0,0,ENCALÇ,2021,811200000,Ajuntament de Manlleu
253146.836557786,5161252.0344624,208,"C. VOLTREGÀ, 136",GRÀCIA,JULIOL,1,1,0,0,0,XOC AMB OBJECTE FIX,2021,811200000,Ajuntament de Manlleu
253851.191830145,5161673.03528229,209,"C. GIRONA, 43",ERM,JULIOL,3,2,1,0,0,ENVESTIDA LATERAL,2021,811200000,Ajuntament de Manlleu
254264.42951439,5162166.8901448,210,"C. TORRENT I GARRIGA, 85",ERM,JULIOL,4,2,2,0,0,COL·LISIÓ MÚLTIPLE,2021,811200000,Ajuntament de Manlleu
254863.683872904,5161984.45645621,211,"C. SOGORB, 68",LA COROMINA,JULIOL,3,2,1,0,0,ENVESTIDA LATERAL,2021,811200000,Ajuntament de Manlleu
254809.145278994,5161793.64871523,212,"PL. SARDANA, 2",ERM,SETEMBRE,2,1,1,0,0,ENVESTIDA LATERAL,2021,811200000,Ajuntament de Manlleu
254715.987650769,5161901.13828626,213,"AV. PYUIGMAL, 80",ERM,SETEMBRE,1,0,1,0,0,SORTIDA VIA-CAIGUDA,2021,811200000,Ajuntament de Manlleu
254200.037709831,5161172.59786039,215,"C/ MONTSENY, 2",DALT VILA,SETEMBRE,1,0,1,0,0,SORTIDA VIA-CAIGUDA,2021,811200000,Ajuntament de Manlleu
254066.272910305,5160243.41023529,216,"VIA AUSETÀNIA, 13",VISTA ALEGRE,SETEMBRE,1,0,1,0,0,XOC AMB OBJECTE FIX,2021,811200000,Ajuntament de Manlleu
254058.509774613,5162295.26671337,217,"C/ BISAURA, 27",ERM,SETEMBRE,4,0,4,0,0,ENVESTIDA LATERAL,2021,811200000,Ajuntament de Manlleu
254351.120273557,5162371.10657738,218,"C/ DOÑA BLANCA, 171",ERM,SETEMBRE,2,0,1,1,0,COL·LISIÓ MÚLTIPLE,2021,811200000,Ajuntament de Manlleu
254442.929267701,5161160.14024549,219,"PS. SANT JOAN, 77",DALT VILA,SETEMBRE,3,2,1,0,0,ENCALÇ,2021,811200000,Ajuntament de Manlleu
254876.712295689,5161777.61273227,220,"PL SARDANA, 8",EL PUIG,SETEMBRE,3,2,1,0,0,ENVESTIDA LATERAL,2021,811200000,Ajuntament de Manlleu
254050.448056822,5162303.92559547,221,"C/BISAURA, 27",ERM,NOVEMBRE,2,1,1,0,0,ENVESTIDA LATERAL,2021,811200000,Ajuntament de Manlleu
255288.849850037,5162147.29472095,223,"C/FONTCUBERTA, 1",LA COROMINA,OCTUBRE,3,1,2,0,0,ENVESTIDA LATERAL,2021,811200000,Ajuntament de Manlleu
254684.039361579,5161103.92396784,224,"C/DE LA CAVALLERIA, 45",CAVALLERIA,NOVEMBRE,1,0,1,0,0,SORTIDA VIA-CAIGUDA,2021,811200000,Ajuntament de Manlleu
253868.910114543,5160884.46609366,225,"C/RUSIÑOL, 1",BAIX VILA,NOVEMBRE,2,1,1,0,0,ENVESTIDA LATERAL,2021,811200000,Ajuntament de Manlleu
254120.614860048,5161474.76298779,231,"AV. ROMA, 128",VILAMIROSA,DESEMBRE,2,1,1,0,0,ENVESTIDA LATERAL,2021,811200000,Ajuntament de Manlleu
254623.128604731,5161632.71294083,233,PS. DEL PUIG,EL PUIG,OCTUBRE,3,2,1,0,0,COL·LISIÓ MÚLTIPLE,2021,811200000,Ajuntament de Manlleu
253724.99352249,5162302.43268456,234,"PS. SANT JOAN, 276",ERM,DESEMBRE,2,1,1,0,0,ENCALÇ,2021,811200000,Ajuntament de Manlleu
255438.782567811,5161945.57579657,237,"C/FRANCESC PUGET, 33",EL VERDAGUER,DESEMBRE,2,1,1,0,0,ENVESTIDA LATERAL,2021,811200000,Ajuntament de Manlleu
253585.854244214,5161377.72379179,239,"AVD. ROMA, 200",VILAMIROSA,GENER,4,2,2,0,0,ENCALÇ,2022,811200000,Ajuntament de Manlleu
252823.975939713,5161156.76273501,242,"C/VILA-SETRÚ, 15",GRÀCIA,MARÇ,2,1,1,0,0,ENVESTIDA LATERAL,2022,811200000,Ajuntament de Manlleu
253725.99258963,5160913.11970742,244,"C/ VILAMIROSA, 1",BAIX VILA,MARÇ,2,0,2,0,0,ENVESTIDA LATERAL,2022,811200000,Ajuntament de Manlleu
253707.377175973,5160899.41747228,246,"C/ RUSIÑOL, 23",BAIX VILA,MARÇ,5,3,2,0,0,ENVESTIDA LATERAL,2022,811200000,Ajuntament de Manlleu
254397.400505549,5161392.67517018,248,"PS. SANT JOAN, 114",ERM,MARÇ,2,1,1,0,0,XOC AMB OBJECTE FIX,2022,811200000,Ajuntament de Manlleu
254331.381331441,5161486.72430538,252,"PS. SANT JOAN, 136",ERM,ABRIL,3,2,1,0,0,ENVESTIDA LATERAL,2022,811200000,Ajuntament de Manlleu
253728.245405077,5160902.69763606,254,C/RUSINYOL amb C/VILAMIROSA,BAIX VILA,ABRIL,2,1,1,0,0,ENVESTIDA LATERAL,2022,811200000,Ajuntament de Manlleu
254866.524418536,5161811.43284815,256,"AVD. BELLMUNT, 1",LA COROMINA,MAIG,5,4,1,0,0,ENVESTIDA LATERAL,2022,811200000,Ajuntament de Manlleu
255280.956431024,5161389.83486393,258,"CRTA. RODA, 12",LA SALUT,JUNY,1,0,1,0,0,SORTIDA VIA-CAIGUDA,2022,811200000,Ajuntament de Manlleu
255088.669531962,5161556.44369895,260,"AVD. PUIGMAL, 13",EL PUIG,MAIG,2,1,1,0,0,ENVESTIDA LATERAL,2022,811200000,Ajuntament de Manlleu
254468.514423517,5160429.59469597,262,"VIA. AUSETANIA, 2",VISTA ALEGRE,JUNY,6,4,2,0,0,ENCALÇ,2022,811200000,Ajuntament de Manlleu
254538.979809093,5161660.05170212,263,"AVD. ROMA, 89",EL PUIG,JUNY,1,0,1,0,0,XOC AMB OBJECTE FIX,2022,811200000,Ajuntament de Manlleu
253943.547980823,5161036.09148009,266,"C/VENDRELL, 49",BAIX VILA,JUNY,2,0,2,0,0,ENVESTIDA LATERAL,2022,811200000,Ajuntament de Manlleu
254490.550464465,5160899.34085916,268,"PS. SANT JOAN, 36",CAVALLERIA,JULIOL,2,1,1,0,0,ENCALÇ,2022,811200000,Ajuntament de Manlleu
255095.179301363,5162419.72112491,270,C/BELLFORT amb C/FONTCUBERTA,ERM,JULIOL,2,1,1,0,0,ENVESTIDA LATERAL,2022,811200000,Ajuntament de Manlleu
255683.668085811,5161575.8781424,272,"CTRA. OLOT, 140",LA SALUT,AGOST,1,0,1,0,0,SORTIDA VIA-CAIGUDA,2022,811200000,Ajuntament de Manlleu
253492.672330244,5161354.03161119,274,"AVD. ROMA, 239",GRÀCIA,JULIOL,2,1,1,0,0,ENVESTIDA LATERAL,2022,811200000,Ajuntament de Manlleu
